customer_id,name,email,country
1,Anthony Jordan,zwagner@gmail.com,Gambia
2,Tiffany Love,jeremy64@anderson.com,Albania
3,Todd Thornton,benjaminstephen@gmail.com,South Georgia and the South Sandwich Islands
4,Ruth Guzman,matthewmorgan@bennett-holt.com,Rwanda
5,Janice Vaughan,lisasmith@nelson.com,Palestinian Territory
6,Cody Patel,nathanpatton@hotmail.com,Barbados
7,Jennifer Erickson,kcooper@gmail.com,Puerto Rico
8,Jeremy Aguilar PhD,shawn56@butler-bell.com,Qatar
9,Bradley Cox,nwatson@diaz.com,Tunisia
10,Catherine Scott,kim96@thomas.com,Romania
11,Ryan Jones,martinezbailey@evans.com,Congo
12,James Mccann,sheliajordan@hotmail.com,Cayman Islands
13,Brandon Dennis,yvetteperkins@gmail.com,New Caledonia
14,Raymond Cooper,lisa50@murphy.net,Burkina Faso
15,Virginia Morales,jonesamber@gmail.com,Tajikistan
16,Kevin Pham,ashley98@nelson.com,Senegal
17,Adam Watson,gardnersusan@bryan.com,Mayotte
18,Bryan Edwards,heidinelson@yahoo.com,Christmas Island
19,John Young,john78@gmail.com,Hungary
20,Adrian Mccarthy,krystaljones@yahoo.com,American Samoa
21,Sharon Gamble,sean29@ortiz-roberts.com,Chile
22,Steven Barry,yponce@yahoo.com,Afghanistan
23,Elizabeth Cooper,kurtwebb@gmail.com,Afghanistan
24,Elizabeth Hudson,ascott@gmail.com,Gibraltar
25,Brian Reed,igeorge@hotmail.com,Oman
26,Ebony Harris,crystalwilliams@hanna.org,New Zealand
27,Virginia Williams,jeffreyvaldez@moore.biz,Equatorial Guinea
28,Krista Armstrong,juan85@yahoo.com,Gambia
29,Laura Lloyd,hjohnson@hotmail.com,Panama
30,Shane Mitchell,zsummers@higgins.com,Yemen
31,Elizabeth Lee,fthomas@simpson.com,Netherlands
32,Melinda Walsh,fletchereric@gmail.com,Switzerland
33,Patrick Roth,cathy47@yahoo.com,Antarctica (the territory South of 60 deg S)
34,Carolyn Marquez,penny27@gmail.com,Kazakhstan
35,Devin Lucas,thompsonaaron@hotmail.com,Tanzania
36,Carlos Martinez,cynthia36@hotmail.com,Netherlands Antilles
37,Daniel Ford,thompsonsamantha@anderson.com,Venezuela
38,Ashlee Mccann,chase43@jordan.com,Iran
39,Thomas Stevens,sean66@yahoo.com,Switzerland
40,Elizabeth Barnes,johnstonrachael@gmail.com,Nigeria
41,Jennifer Mitchell,leonardkevin@gmail.com,Hungary
42,Thomas Butler,hansontaylor@gmail.com,Cyprus
43,Jean Martinez,davidclark@hotmail.com,Reunion
44,Robert Wood,pesparza@yahoo.com,Svalbard & Jan Mayen Islands
45,Wendy Berry,samantha35@parsons.biz,Venezuela
46,Melanie Elliott,jill57@wilson.com,Mayotte
47,Kenneth Washington,mckaypatricia@hotmail.com,Northern Mariana Islands
48,William Davis,powersdylan@yahoo.com,Cuba
49,Devin Kaiser,cesar78@yahoo.com,Cameroon
50,Jennifer Reed,snowtrevor@ballard.com,Liberia
51,Timothy Thompson,mayomackenzie@jackson.info,Vietnam
52,Kelly Campbell,jim41@yahoo.com,Serbia
53,Ann Lewis,williamserik@yahoo.com,Ethiopia
54,Natalie Sanford,ucarter@thomas.com,France
55,Christopher Patrick,ohardy@johnson.com,India
56,Kevin Turner,vicki57@yahoo.com,Saint Barthelemy
57,Shannon Leonard,amandapowell@gmail.com,Cook Islands
58,Steven Crosby,williamsanna@gmail.com,Azerbaijan
59,Melissa Martin,cynthia45@simon.com,Jordan
60,Robert Brown,savagedana@martinez.com,Timor-Leste
61,Dr. Molly Long PhD,alejandrojones@gmail.com,Gambia
62,Michele Lynn DVM,christina48@richard.com,Bangladesh
63,Tammy Steele,gomezjohn@yahoo.com,Angola
64,Haley Garcia,charles57@hotmail.com,Paraguay
65,Timothy Lowery,samanthabonilla@nicholson-miller.com,Philippines
66,Donald Hutchinson,jacqueline16@paul-weaver.info,Armenia
67,Angela White,yclark@vazquez.org,Ireland
68,Allison Moore,gryan@yahoo.com,Liechtenstein
69,Kevin Elliott,jeffreyphillips@wright-brooks.com,Italy
70,Henry Serrano,smithalexa@hotmail.com,Congo
71,Jennifer Ford,dawnbarton@yahoo.com,Denmark
72,Alec Chambers,wanderson@watkins-thomas.com,Liechtenstein
73,Aaron Jones,paigewebb@english-montgomery.info,Solomon Islands
74,Thomas Bray,harrislinda@gmail.com,France
75,Robert Clark,alexander62@smith-hooper.com,Central African Republic
76,Steven Saunders,fspencer@bradley.com,Czech Republic
77,Rebecca Carter,arobles@williams.com,Papua New Guinea
78,Dawn Ward,andersonrhonda@yahoo.com,Panama
79,Mary Jones,dustin51@gmail.com,United Arab Emirates
80,Carmen Skinner,amberball@gmail.com,Saint Lucia
81,Craig Richards,rodriguezdeborah@gmail.com,Korea
82,Albert Jones,lfrederick@yahoo.com,Macedonia
83,Cole Steele,vjohnson@ramos-horton.com,El Salvador
84,Sandra Watkins,raustin@yahoo.com,Belgium
85,Timothy Thomas,russell80@hotmail.com,Saint Kitts and Nevis
86,Nicole Mason,mguzman@yahoo.com,Aruba
87,Jesse Foster,lhood@love.com,Burundi
88,Matthew Dunlap,smithtiffany@short-benson.biz,Dominica
89,Andrew Davis,lori91@yahoo.com,Georgia
90,Curtis Jones,angelapeters@yahoo.com,Isle of Man
91,Destiny Walker,charlesanderson@byrd.biz,Romania
92,Kathryn Mendez,michael11@yahoo.com,Korea
93,Donna Coleman,philipclarke@gmail.com,Uruguay
94,Marc Olson,amanda84@may.com,Taiwan
95,Courtney Olson,scottcheryl@yahoo.com,Sri Lanka
96,Joseph Holland,valerie73@williams-hernandez.com,Tonga
97,James Chambers,josephtaylor@hotmail.com,Austria
98,Kathy Kelly,courtney25@taylor.com,Moldova
99,Nicole Dixon,stacycuevas@roberts-hawkins.biz,Russian Federation
100,Joshua Anderson,ehumphrey@shea.com,Gambia
101,Shannon Andrade,julianmassey@hotmail.com,British Virgin Islands
102,Nicole Davis,avargas@weeks-hamilton.info,Malaysia
103,John Day,rgonzalez@yahoo.com,Panama
104,Monica Dennis,alicia74@brown-moon.org,Bermuda
105,Andrea Kennedy,connerkaren@lewis.com,Nepal
106,Jennifer Guerrero,villacharles@hotmail.com,Israel
107,Mrs. Vanessa Mcdonald,alvaradojason@yahoo.com,Montserrat
108,Russell Campbell,xhowell@hotmail.com,Bulgaria
109,Joshua Stanley,angelica80@richardson-chen.com,Ghana
110,Dean Rush,gwalker@nguyen.com,Jamaica
111,Brian Morgan,ronaldpierce@hotmail.com,Wallis and Futuna
112,John Hamilton,longangela@cooper-mendoza.info,Saint Helena
113,Mr. Joe Miles,gabriellemoore@yahoo.com,Sao Tome and Principe
114,Nicole Wilson,rgarcia@hotmail.com,Australia
115,Renee Nguyen,holmesdawn@gmail.com,Azerbaijan
116,Stephanie Alvarez,khampton@gmail.com,Bolivia
117,Vickie Harris,mrichards@rodriguez.org,Brunei Darussalam
118,Bradley Bautista,foleyjeffrey@santos.org,Mongolia
119,Sharon Sanchez,icruz@sanders-bowers.com,Turkmenistan
120,Dana Alvarez,robinsoncharles@kennedy.info,Guinea
121,Thomas Roy,tannerperez@yahoo.com,Sri Lanka
122,Cassandra Graves,tross@smith-smith.net,French Guiana
123,Laura Harrington,kevinbell@mckee.net,United Arab Emirates
124,Donna Meyer,wendy51@williamson.com,Angola
125,Maureen Page,kellytaylor@hughes-owens.biz,Saint Helena
126,Richard Walker,dhernandez@woods.org,New Caledonia
127,Heather Arnold,timothymann@wilson.com,Oman
128,Mary Martinez,kellycarpenter@johnson.com,United Arab Emirates
129,Terri English,pauljohnson@woods.com,Cook Islands
130,Stacy Joseph,kellydavis@gmail.com,Belgium
131,Ronald Osborne,matthew88@hicks-adams.com,Bangladesh
132,Terry Dunn,emily14@yahoo.com,Djibouti
133,Scott Ruiz,murphydavid@huff.info,Antarctica (the territory South of 60 deg S)
134,Michele Shepherd,jamesashley@yahoo.com,United States of America
135,Bianca Carter,smitherica@baker-cummings.org,Italy
136,Karen Rivera,jhill@yahoo.com,Albania
137,Jared Harris MD,dperry@green.com,Saint Lucia
138,Christina Santiago,wchambers@gentry.com,Northern Mariana Islands
139,David Rowland,linda14@yahoo.com,Djibouti
140,Terry Roberts,tanyabailey@lewis-rivera.org,Moldova
141,Nicole Williams,clarkrebecca@black.com,Bangladesh
142,Crystal Aguilar DDS,ypotts@yahoo.com,Poland
143,Andrew Brady,kari99@wagner-grimes.com,Maldives
144,Becky Young,laurenross@harris.info,Hungary
145,Shane Fleming,taylor74@hotmail.com,Zambia
146,Fernando Bradley,vwilliams@thompson.org,Portugal
147,Kenneth Turner,joshuarogers@mason-martinez.com,Finland
148,Jacob Carter,qrobinson@yahoo.com,Czech Republic
149,Adam Gomez,pjones@lopez-davis.com,New Caledonia
150,Lisa Barnett,dannymcmillan@yahoo.com,Congo
151,Virginia King,lkennedy@hotmail.com,Yemen
152,Kelsey Williamson,brandi63@gmail.com,Georgia
153,Candice Mcdonald,angelawhite@gmail.com,British Virgin Islands
154,Louis Jones,atkinsonjeffrey@yahoo.com,Ecuador
155,Albert Brewer,douglassmith@vance.com,Vanuatu
156,Adam Moody,fischercalvin@tran-gomez.org,Palau
157,Martin Pierce,ohopkins@perez-miller.info,Netherlands
158,Ms. Jessica Barrera,mroberts@hotmail.com,Australia
159,Lisa Price,tbautista@hotmail.com,Guadeloupe
160,Timothy Robinson,zmartin@hotmail.com,French Guiana
161,Jamie Shepherd,woodwardmonica@hotmail.com,Costa Rica
162,Chase Lopez,jeffreyestrada@yahoo.com,Norway
163,Brenda Schultz,albert98@holmes.com,Tunisia
164,Eric Velasquez,isaacbrown@hotmail.com,Montserrat
165,Stephen Weber,estephens@ramirez.org,Malaysia
166,Matthew Howell,amber63@hotmail.com,Portugal
167,Gregory Peterson,chadsmith@mccoy-wang.net,Haiti
168,Leslie Myers,hughesjim@jones.com,Dominican Republic
169,Jessica Schultz DDS,wwhite@hotmail.com,Greenland
170,Miranda Ward,mark19@ramos.org,Bahrain
171,Rachel Flynn,harrisjennifer@hotmail.com,Japan
172,Samantha Webster,kristahudson@munoz-jones.info,Tuvalu
173,Makayla Mason,elizabethnguyen@espinoza-swanson.com,Brunei Darussalam
174,John Barrett,walkermichael@gmail.com,Indonesia
175,Thomas Gray,jennifer90@gmail.com,Lao People's Democratic Republic
176,Brittany Ward,dixonamanda@mcpherson-mitchell.com,Greenland
177,Debbie Johns,zacharyroberson@gmail.com,Saint Barthelemy
178,Shane Webster,rachel20@gmail.com,Palau
179,Christopher Luna,barbara73@herrera-foster.com,Canada
180,Daniel Berger,lozanotyler@gmail.com,Korea
181,Omar Moreno,leemichelle@park.info,Hong Kong
182,Kimberly Mccarthy,msnyder@pham-day.info,British Indian Ocean Territory (Chagos Archipelago)
183,Jeremy Pace,smithdonna@gmail.com,Christmas Island
184,Erica Hernandez,pacegrant@burns.info,Hungary
185,Kristen Price,ramoskevin@walters.com,Bolivia
186,Ashley Gay,luiswall@bailey.com,Albania
187,Ms. Rachel Brown DVM,yglenn@yahoo.com,Chad
188,John Fernandez,schmidtlaura@gmail.com,Saint Pierre and Miquelon
189,Noah Hampton,samuelpatterson@lopez-moyer.org,Pakistan
190,Monique Smith,crobinson@yahoo.com,Spain
191,Justin Alvarez,rebecca24@hotmail.com,Chile
192,Janice Marsh,derrickmartinez@morrison.com,Eritrea
193,Anthony Golden,deanjohn@hunter-cox.com,Brazil
194,Teresa Barnes,lindacurtis@yahoo.com,Guyana
195,Ryan Bowman,kimberly17@young.com,Liberia
196,Andrew Hawkins,bobby96@yahoo.com,Saint Helena
197,Yvonne Allen,sbarrett@hotmail.com,Slovakia (Slovak Republic)
198,Laura Silva,keithjessica@ward.info,Mauritius
199,Jessica Brooks,samantha02@hansen.com,Tunisia
200,Brenda Lindsey,alyssalutz@haney.info,Tonga
201,Jon Rice,elliskimberly@gmail.com,Lesotho
202,Melissa Frye,taylor22@sims-gutierrez.org,Saint Martin
203,Sean Morrow,lisapark@lopez-moore.com,Hungary
204,Nicholas Murphy,susanyork@hernandez.com,Dominica
205,Randy Williams,valdezrobert@hotmail.com,Bhutan
206,Hailey Lutz,ruizrichard@gmail.com,Mauritius
207,Micheal Charles,elizabeth83@yahoo.com,Turkmenistan
208,Cynthia Vega,zglass@cox-daniels.com,El Salvador
209,Jeff Crawford,petergrant@yahoo.com,Saudi Arabia
210,Matthew Sanchez,ybowman@gmail.com,Switzerland
211,Leonard Cantrell,vvance@hotmail.com,Bermuda
212,Michael Potter,timothyavila@yahoo.com,Germany
213,Stephen Carter,macdonaldmegan@hotmail.com,Thailand
214,Walter Alvarez,todd95@gilbert.com,Estonia
215,Erik Moran,roger73@hotmail.com,Cyprus
216,Melissa Stout,josephsnyder@hotmail.com,Guinea-Bissau
217,Kelly Ward,gevans@pearson.com,Kiribati
218,Matthew Williams,matthewwilkerson@perkins-valenzuela.info,Korea
219,Karen Curtis,kturner@yahoo.com,Ethiopia
220,April Mclaughlin,tyler00@gmail.com,Cameroon
221,Renee Johnson,james12@holden.com,Bolivia
222,Jennifer Dillon,ghawkins@page-jensen.com,United States Minor Outlying Islands
223,Kathleen Conrad,jessicahuang@oconnor.net,Venezuela
224,Mary Osborne,jamie60@hotmail.com,New Caledonia
225,Samantha Smith,brittany99@gmail.com,Myanmar
226,William Moore,pvillarreal@hotmail.com,Norway
227,Paul Murray,abbottjohnny@gmail.com,Burkina Faso
228,Sara Stevens,hwright@richards.net,New Zealand
229,Brandon Flores,tracy51@wilkerson.com,Japan
230,Courtney Grant,qbrown@gilmore.com,China
231,Mrs. Pamela Harris,tammy76@hotmail.com,Suriname
232,Sheila Ashley,dmills@hotmail.com,Western Sahara
233,Anthony Castillo,brianna08@gmail.com,Djibouti
234,Jonathan Williamson,mario85@gmail.com,Suriname
235,Lisa Phillips,gmills@gmail.com,Chad
236,Whitney Garcia,david11@hayes.com,Cocos (Keeling) Islands
237,Ian Randolph,brendaparsons@gmail.com,Sri Lanka
238,David Scott,boydlinda@richmond.info,Morocco
239,Michael Thompson,ericareese@yahoo.com,Albania
240,Amanda David,jacqueline58@gmail.com,Iceland
241,Theresa Rogers,jcook@smith-gutierrez.info,Venezuela
242,Connor Alexander MD,sanchezbrian@yahoo.com,Suriname
243,Mike Russell,kristinawood@wade.com,New Caledonia
244,Charles Meyer,susan27@yahoo.com,Tanzania
245,Sandra Reyes,brownjaime@martin.com,United States of America
246,Robert Baker,roger51@webb-thompson.com,Slovakia (Slovak Republic)
247,Tammie Duran,rflores@kelley.com,Belize
248,Leonard James,eriklucero@jones.info,Faroe Islands
249,Mark Morrison,olivia38@robertson.com,Cuba
250,Jennifer Martin,stricklandmelissa@vazquez.info,Angola
251,Chase Mckay,jeffreyjenkins@gmail.com,Gabon
252,Kristopher Smith,lindalopez@yahoo.com,Bahrain
253,Victor Marshall,carriesmith@gmail.com,Cuba
254,Anthony Jordan,dmiranda@yahoo.com,Morocco
255,Crystal Wright,melissa69@yahoo.com,Guinea-Bissau
256,Stacey Johnson,murphyernest@mack-moran.net,Hungary
257,Dustin Norris,carolyoung@fernandez-miller.info,Saudi Arabia
258,Kyle Gill,ochase@gmail.com,Benin
259,Robert Molina,qmartin@thomas.info,Saint Kitts and Nevis
260,Victor Simpson,yvincent@best.com,Greenland
261,Mr. Jonathan Gutierrez,chadbates@swanson.com,Mali
262,Brittany Foster,dixonmaria@hotmail.com,Belarus
263,Melissa Murphy,rogermorton@yahoo.com,Georgia
264,Charles Lawson,tracie94@lee.com,Grenada
265,Kim Fleming,hmichael@moore-clements.com,France
266,Kelli Garcia,dannygaines@jones-herman.com,Christmas Island
267,Jonathon Herrera,alexandria96@gmail.com,Dominica
268,Austin Barrett,villarrealmichelle@yahoo.com,Dominican Republic
269,Philip Case,sarah97@hotmail.com,South Georgia and the South Sandwich Islands
270,Daniel Davis,andersonandrew@fry-russell.biz,Norfolk Island
271,Sandra Benson,carlallen@mayer.org,Senegal
272,Tonya Evans,snowdebbie@rivera-lyons.com,Ghana
273,Joseph Williams,billbradshaw@hotmail.com,Chile
274,Peter May,mullinsmichael@gmail.com,Sweden
275,Debra Hanna,strongtoni@padilla.net,Ghana
276,Gina Miller,lori04@gmail.com,New Zealand
277,Mary Johnson,henry58@yahoo.com,Tokelau
278,Nicole Smith,albertsmith@walsh.com,Namibia
279,Jennifer Roach,anthonybarrett@atkins.com,French Polynesia
280,Robert Jones,michelleford@smith-long.org,Dominican Republic
281,Christine Romero,molinawhitney@haas.com,Moldova
282,Stephanie Clay,zacharyjordan@johnson.com,Gibraltar
283,Brent Waller,rickymaldonado@campbell-simon.com,Estonia
284,Margaret Anderson,nicolecrawford@hotmail.com,Taiwan
285,Leslie Rogers,njones@hotmail.com,Togo
286,Gary Jones,tammy62@yahoo.com,Malawi
287,Sydney Barrett,bryan07@owen.com,Hong Kong
288,Tabitha Reese,khernandez@hill-nelson.biz,Korea
289,Martha Sanchez,myersamber@hotmail.com,United Arab Emirates
290,Michelle Scott,hendersonmichael@rush-taylor.net,Lebanon
291,Rebecca Garcia,mflores@baker.org,Belarus
292,Zachary Rogers,melissa10@smith.net,Netherlands
293,Joseph Johnson,ivazquez@holt.com,Venezuela
294,Benjamin Lewis,ppetersen@hotmail.com,Uzbekistan
295,Rebekah Zuniga,butlerdawn@stanton.com,Egypt
296,Melvin Bird,hicksangela@johnson.com,French Guiana
297,Shelby Lewis,xwalker@weber.com,Indonesia
298,Kimberly Garcia,kespinoza@yahoo.com,Macedonia
299,Brenda Bender,larrybaker@allen-perry.org,Belgium
300,Colleen Lopez,michael76@wagner.com,Guam
301,Tanya Horton,elizabethcarter@gmail.com,Andorra
302,Alexander Young,qhammond@mullen.com,India
303,Donna Carter,cherylrichards@hotmail.com,Bouvet Island (Bouvetoya)
304,Joe Franklin,sarahflores@gmail.com,Benin
305,Jimmy Cooper,zmoran@fritz.biz,Jamaica
306,Casey Bauer,jesse16@hotmail.com,Georgia
307,Maurice Rodriguez,jeffreypalmer@miller-estes.net,Hungary
308,Kathleen Jordan,jennifer95@yahoo.com,Saint Martin
309,Jonathan Swanson,heatherharding@johnson.com,Palau
310,Thomas Miller,bakerphillip@alvarez.com,United Kingdom
311,Colton Hester,michael19@yahoo.com,Suriname
312,Jeremy Walter,burchtracey@yahoo.com,Northern Mariana Islands
313,Lauren Brooks,bserrano@gmail.com,Chad
314,Paige Mcpherson,davidrussell@hotmail.com,Macao
315,Michael Lang,jeremiahdavis@hardy.com,Jordan
316,Jason Leonard,uwright@hotmail.com,Niger
317,Tina Garza,patriciaspencer@hotmail.com,Equatorial Guinea
318,Sierra Bailey,jorgegonzalez@wilson.com,Guyana
319,Michelle Campos,roger69@wu-mccann.com,Cote d'Ivoire
320,Lynn Whitehead,nathan58@lewis.com,Armenia
321,Lisa Lowe MD,jonesnoah@yahoo.com,Sierra Leone
322,Laura Mckee,ronaldgilbert@yahoo.com,Reunion
323,Ian Soto,phillipsrandy@yahoo.com,Pakistan
324,Marilyn Richards,hillsydney@edwards.org,Kuwait
325,Katherine Williams,johnbaker@scott.com,Bhutan
326,Eric Underwood,scottjames@dominguez.org,Russian Federation
327,David Webster,dwayne00@hotmail.com,Luxembourg
328,Alicia Martinez,ihunt@chapman.com,Timor-Leste
329,Jesse Brown,johnwyatt@gmail.com,Mexico
330,Richard Smith,holly63@yahoo.com,Korea
331,Dale Garner MD,josephillips@yahoo.com,Gambia
332,Kent Rodriguez,nicholas81@hotmail.com,Zambia
333,Dr. Claudia Henderson,patricia27@lopez.com,Vanuatu
334,Crystal Singh,gfrye@yahoo.com,Hungary
335,Cory Nguyen,richard06@gmail.com,Cayman Islands
336,Ryan Boyer,forbesjennifer@hotmail.com,United States Minor Outlying Islands
337,Douglas Edwards,virginiaburns@hotmail.com,Palestinian Territory
338,Beverly Marsh,wclarke@gmail.com,Nicaragua
339,Angela Lane,pwheeler@hotmail.com,Saint Barthelemy
340,Gabrielle Patel,bryananderson@gibson.com,Honduras
341,Guy Mayer,nortonjacqueline@brown-kelly.com,Uganda
342,Samuel Miller,jonathanrice@schroeder-zavala.com,Eritrea
343,Jacqueline Simmons,youngmichael@yahoo.com,Madagascar
344,Cody Frazier,alexanderjones@wallace.com,France
345,Shannon Cisneros,jennifer00@hotmail.com,Paraguay
346,Stephanie Matthews,gpadilla@gmail.com,Saudi Arabia
347,Julie Snyder,stevensalan@hotmail.com,Chile
348,Brian Taylor,ugarcia@hotmail.com,Aruba
349,Karen Alvarez,deborahmonroe@yahoo.com,Indonesia
350,Robin Ayala,annaadams@gmail.com,Estonia
351,Levi Mcguire,jennifer03@jackson.info,Svalbard & Jan Mayen Islands
352,Jose Tate,hornebeth@yahoo.com,Brunei Darussalam
353,Joseph Taylor,alyssa45@nelson.com,Christmas Island
354,Hannah Love,courtney40@yahoo.com,Montserrat
355,Frederick Higgins,peter90@torres.org,Saint Vincent and the Grenadines
356,Stephen Norton,erin86@hotmail.com,Barbados
357,Sheila Parrish,thomasvang@jackson.com,Nauru
358,Lindsay Clark,ashleycarter@perez-marquez.info,Colombia
359,Melinda Meyer,millermark@mercer.com,Equatorial Guinea
360,Sherri Bautista,evansjeffrey@yates.biz,Sierra Leone
361,Makayla Taylor,cooperfrancisco@yahoo.com,Japan
362,Scott Miller,rachael13@flores.com,Western Sahara
363,Alan Shepard,paigesmith@clark.com,Ireland
364,Thomas Williams MD,gmarshall@parker.com,Northern Mariana Islands
365,Kirsten King,elizabeth99@gmail.com,Bulgaria
366,Terrance Fritz,qmorales@gmail.com,Indonesia
367,Kimberly Lawson MD,amymolina@thompson.com,Sweden
368,Kenneth Garza,ortegapamela@fuentes-hunter.org,Niger
369,Erin Reynolds,jpearson@burns-bishop.info,Grenada
370,Randall Black,andrew53@maxwell.org,Dominica
371,Colleen Martinez,victoria59@hudson.com,Maldives
372,Jack Rowe,higginsdiana@decker.com,Argentina
373,Roger Adams,jgraham@james.biz,Mozambique
374,Dylan Gamble,kwright@hotmail.com,Guatemala
375,Micheal Graham,mcross@yahoo.com,Serbia
376,Susan Jones,anthonyfox@yahoo.com,Spain
377,Cassandra Butler,tlewis@sparks.biz,Lao People's Democratic Republic
378,Jessica Carter,christopher00@moore.info,Cyprus
379,Billy Bradford,huntpatrick@george-avila.com,Heard Island and McDonald Islands
380,Allen Alvarez,icollins@hotmail.com,Cyprus
381,Cynthia Taylor,xmitchell@yahoo.com,Bermuda
382,Shane Flores,framirez@foley.com,Bangladesh
383,Katherine Wade,robertmartinez@stokes.net,Palestinian Territory
384,Angela Simpson,dhenderson@wagner-hansen.com,Tonga
385,Kevin Duarte,lauren31@aguilar-scott.org,Guatemala
386,Robert Harrison,daniel36@yahoo.com,Niger
387,Olivia Thomas,toddrichard@yahoo.com,Bermuda
388,Tiffany Lucero,georgedonald@hotmail.com,Papua New Guinea
389,Ronald Ware,vcooper@nguyen.com,Greenland
390,Cameron Thomas,monicamurphy@thomas-robles.net,Liechtenstein
391,Amber Guzman,wagnerthomas@gmail.com,Bahamas
392,Amy Martin,katherinegarcia@hotmail.com,Zambia
393,Dr. James Fuentes,kevinallen@delgado.biz,Tajikistan
394,Brett Long,nmunoz@hotmail.com,Iceland
395,Michael Blankenship,raycarrillo@barber.net,Saint Lucia
396,Mrs. Natasha Newman,william23@hotmail.com,Seychelles
397,Mariah Hayden,fuenteschristopher@stanley-white.org,Poland
398,Kevin Bates,marshallyvonne@lee.org,Algeria
399,Adam Hogan,michaellee@king.com,Gabon
400,Richard Rodriguez,davidsonbradley@dawson-hernandez.org,Latvia
401,Daniel Jones,roberthernandez@yang.com,Ukraine
402,Nicholas Williams,zparrish@gmail.com,Lebanon
403,Victor Pollard,timgonzalez@anthony.com,Holy See (Vatican City State)
404,Sandra Wilcox,fletchergregory@hill-lee.net,Sudan
405,Richard Wilson,urodriguez@cook-meyer.com,Faroe Islands
406,Kimberly Hinton,tommywright@hotmail.com,Benin
407,Mrs. Stephanie Campos,romeromelinda@gilmore-stark.info,Lao People's Democratic Republic
408,Benjamin Davis,williamsonjeffery@yahoo.com,Saint Kitts and Nevis
409,Kaitlyn Wade,christopher29@brown.net,Nicaragua
410,Katherine Knox,grayerin@yahoo.com,Saint Martin
411,Stephanie Hayes,qgardner@davis.com,Western Sahara
412,Tracy Duncan,chelseasummers@archer.info,Malaysia
413,Angel Brewer,chandlerjohn@kemp.com,Mauritius
414,Timothy Johnson,fryealbert@glass-sanchez.org,Congo
415,Kimberly Wu,gregory99@hotmail.com,Iceland
416,Oscar Jones,walterdonna@gmail.com,Hungary
417,Shane Simmons,beth50@yahoo.com,Gabon
418,Eduardo Calhoun,jamesjones@hotmail.com,Benin
419,Jessica Reyes,bauerrebecca@young-thompson.com,Tuvalu
420,James Potter,mark91@byrd.com,Qatar
421,Kelly Foster,ryan27@rowe-lewis.com,British Virgin Islands
422,Tammy Wolf,karen10@hodges.net,Cote d'Ivoire
423,Amber Stokes,melissamiller@hotmail.com,Western Sahara
424,Kimberly Gibbs,antonio21@hotmail.com,Macao
425,James Wright,shawn04@navarro.com,Malaysia
426,Jasmine Chung,wardryan@barnett-taylor.org,Portugal
427,Ryan Alvarez,martin07@gmail.com,Cuba
428,Jennifer Shaffer,nwong@hernandez-meyer.com,Nepal
429,Lauren Patel,ashley40@gmail.com,Cyprus
430,Javier Fowler,gdiaz@yahoo.com,Nauru
431,Lisa Smith,callahanalicia@everett-baker.com,Zambia
432,Bradley Alvarez,martinezronald@perez.net,Saint Martin
433,Dr. David Peterson,nicole06@taylor-hughes.com,Belarus
434,James Morgan,laura33@yahoo.com,Zimbabwe
435,Michelle Page,nparker@york.com,Korea
436,William Owens,jennifer90@yahoo.com,Saint Kitts and Nevis
437,Hailey Walker,mary34@yahoo.com,Thailand
438,Michelle Todd,laurie47@gmail.com,Chile
439,Barbara Jackson,sspence@bennett-wright.info,Wallis and Futuna
440,Janet Proctor,pjohnson@nunez.biz,Suriname
441,Sean Castaneda,mary96@gmail.com,Papua New Guinea
442,George Johnson,harold94@gmail.com,New Caledonia
443,Victoria Young,qhall@rios.com,Turkmenistan
444,Elizabeth Gonzalez,johnnyjones@cooper.com,Bahrain
445,James Richardson,maria42@yahoo.com,Singapore
446,Kimberly Miller,brittany44@edwards.com,Gambia
447,Adrienne Fletcher,harold82@fox.net,Ethiopia
448,Michael Anderson,haassteven@gmail.com,Seychelles
449,John Clark,cmontes@gmail.com,Armenia
450,Stephen Stewart,samanthagonzalez@barnett.com,United States Virgin Islands
451,Chris Garcia,ejenkins@martinez.org,Bermuda
452,Phillip Thompson,christophergarcia@phillips-johnson.biz,Kiribati
453,Scott Ortiz,whitechristine@melendez-martinez.com,Iran
454,Belinda Jordan,fgonzalez@bowman.org,Sweden
455,Melissa Parsons,floresbruce@gmail.com,French Guiana
456,Jesus Horn,stewartjoseph@perry.net,Belgium
457,Willie Tucker,calderonoscar@taylor-jackson.com,Niue
458,Stephanie Taylor,rferguson@gmail.com,Uzbekistan
459,Adam Nguyen,csmith@stout.com,Martinique
460,Andrew Rhodes DDS,jonescatherine@payne-shannon.info,Luxembourg
461,Tyler Trevino,eric44@fox.info,Djibouti
462,Kristen Wells,corey40@hutchinson.biz,Cayman Islands
463,Michelle Vega,johnsonmartha@hotmail.com,Bosnia and Herzegovina
464,Joseph Deleon,susanpatel@king-richards.info,Senegal
465,Nicholas Zuniga,nicholas00@wilkerson.com,Bhutan
466,April Hill,lauraschaefer@yahoo.com,Vanuatu
467,Tiffany Sullivan,wmartin@gmail.com,Somalia
468,Robert Stewart,dan35@watkins.info,Palestinian Territory
469,Alexandra Bailey,jackieruiz@ward.com,British Indian Ocean Territory (Chagos Archipelago)
470,Rhonda Cameron,kwalsh@gmail.com,Pakistan
471,Michael Bowman,lisa61@nelson.com,Gabon
472,Joseph Gallegos,robert27@gmail.com,Mayotte
473,Cassandra Mosley,markhopkins@hotmail.com,Congo
474,Alejandra Vazquez,johnespinoza@yahoo.com,Faroe Islands
475,David Wells,mary23@baker-harris.com,Philippines
476,Vanessa Stevens,spencerdennis@hotmail.com,Congo
477,Deborah Jackson,christophergates@gmail.com,Syrian Arab Republic
478,Mark Gomez,holly10@chandler.com,Sierra Leone
479,Rhonda Jones,shellychavez@yahoo.com,Comoros
480,Elaine Bennett,sheila27@miller.net,New Caledonia
481,Russell Dunn,daniellesmith@hotmail.com,Kazakhstan
482,Jacqueline Ingram,mckinneyruben@carter-schroeder.com,Israel
483,Raymond Oneill,tgonzalez@hotmail.com,Bahamas
484,Linda Hart,samuel19@hotmail.com,Saint Martin
485,Holly Robertson MD,natalie99@yahoo.com,Saint Barthelemy
486,Tracy White,gregory91@gmail.com,Uzbekistan
487,Natalie Jenkins,robbinsbrandon@powers.com,Liberia
488,Nicholas House,hamptonmiguel@benton-johnson.org,Dominican Republic
489,Erin Parker,lisacole@hotmail.com,Burundi
490,Richard Adams,hannahlopez@hotmail.com,Sao Tome and Principe
491,John Jackson,nunezchristine@yahoo.com,Albania
492,Stephanie Howard,benjaminorr@yahoo.com,Guatemala
493,Charles Douglas,nmorrison@hotmail.com,Puerto Rico
494,Tonya Schwartz,gregorypeters@clark-molina.com,Dominica
495,Rebecca Gillespie,carteremily@hernandez-johnson.info,Mozambique
496,Manuel Collins,lflynn@hodge.org,Macao
497,Curtis Smith,david48@noble.com,Finland
498,Jacob Smith,cranegregory@hotmail.com,Syrian Arab Republic
499,Jose Griffith,meagan93@yahoo.com,Panama
500,Christine Mclean,reginarobinson@black-johnson.net,Tanzania
501,Jennifer Sherman,dillonbrad@velazquez.net,Faroe Islands
502,Jaime Sherman,rebekah45@gmail.com,Fiji
503,Dennis Irwin,vsilva@gmail.com,Syrian Arab Republic
504,Gabriela Martinez,jeromegardner@hotmail.com,Papua New Guinea
505,Martin Adams,dakota17@yahoo.com,Solomon Islands
506,Adam Fry,daniel20@gill.biz,Sweden
507,Mr. Cameron Morris,rroberts@yahoo.com,Korea
508,Paula Barber,onelson@yahoo.com,Cameroon
509,Lisa Moore,fcontreras@walker-davis.com,Libyan Arab Jamahiriya
510,Dawn Kane,holtlauren@gmail.com,Rwanda
511,Dana Ingram,christopherwilson@yahoo.com,Reunion
512,Hector Maxwell,aaronoliver@hotmail.com,Egypt
513,David Nicholson,jonessierra@gmail.com,Sao Tome and Principe
514,Kyle King,leejohn@gmail.com,Morocco
515,Lisa Williams,hjohnson@marshall.net,Saudi Arabia
516,Logan Coffey,jacksonmichael@hotmail.com,Montserrat
517,Aaron Edwards,malexander@white.org,Morocco
518,Eric Perez,lacey69@foster-humphrey.org,Bahrain
519,Desiree Harper,dale66@harris.com,Philippines
520,Benjamin Johnson,watkinsalison@wagner-watson.com,Djibouti
521,Gregory Lopez,annetteperkins@johnson-small.com,Palau
522,John Espinoza,bramos@barker.com,Burkina Faso
523,Alison Escobar,dvaldez@gmail.com,Vietnam
524,Melissa Lucas,rwaters@gmail.com,Hong Kong
525,Kyle Cox,mccoycarrie@adams.info,Slovenia
526,Riley Guzman,gdavila@hicks.com,San Marino
527,Darius Davis,ngarcia@johnson-ortega.org,United Kingdom
528,Jackson Jones,nicholasrodriguez@gmail.com,Christmas Island
529,Amy Walters,gregorytaylor@yahoo.com,Singapore
530,Michael Long,andremorris@holmes.com,Czech Republic
531,Samantha Perez,hernandezanthony@yahoo.com,India
532,George Gibson,usmith@campos-crawford.com,Bahrain
533,Katie Garcia,marcusgraham@parker.com,Egypt
534,Beth Jones,villarrealandrea@marshall.org,Swaziland
535,Elizabeth Edwards,scottramos@gmail.com,Oman
536,Kyle Johnson,fisherjeffrey@hotmail.com,American Samoa
537,Christopher Oliver,smejia@yahoo.com,Liberia
538,Eric Ingram,laura31@yahoo.com,Iraq
539,Nicole Cooper,cochranerin@combs.com,Malaysia
540,Michele Ward,nguyendeborah@hotmail.com,Japan
541,Robert Davis,gregoryacosta@graham.com,Isle of Man
542,Chad Allen,william23@yahoo.com,United States Virgin Islands
543,John Spencer,nguyenmaria@williams.com,Jamaica
544,Geoffrey Smith,mary87@yahoo.com,Austria
545,Brad Porter,hallcalvin@bass.com,Madagascar
546,Casey Allen,joseph81@watts-ruiz.com,Cote d'Ivoire
547,Julie Douglas,audreyhunt@gmail.com,Saudi Arabia
548,Stephanie Stewart,stoutkristen@yahoo.com,Samoa
549,Kimberly Nielsen,kenneth84@white.info,Chile
550,Joan Bowers,joshuajones@velasquez.org,Bahrain
551,Paul Mason,morganernest@lopez-barajas.com,Cyprus
552,Rose Moreno,esmith@yahoo.com,Albania
553,Travis Smith,rita58@castro.com,Yemen
554,Alexander Barnes,fallison@gmail.com,Gibraltar
555,Peter Rodriguez,erinlewis@gmail.com,Saint Helena
556,Kenneth Guerra,victoria82@ellis.com,Kiribati
557,Zachary Hoover,cmorris@powers.com,Slovakia (Slovak Republic)
558,Stephanie Odom,mbrown@gmail.com,Cambodia
559,Justin Thompson,brenda49@gmail.com,Namibia
560,Jessica Gutierrez,cynthia76@gmail.com,Honduras
561,Kayla Tanner,victor40@aguilar-hahn.info,Myanmar
562,Sarah Johnson,laurie95@gmail.com,Maldives
563,Jeffrey Caldwell,floresjessica@mccullough.com,Puerto Rico
564,Dakota Sexton,lmoyer@garcia-myers.com,Guernsey
565,Brandon Avery,jacksonmark@gmail.com,Andorra
566,Charles Burns,fernandezcaitlin@gmail.com,Turkmenistan
567,Taylor Thomas,mlopez@beck.info,Indonesia
568,Morgan Watts,christinebryant@gmail.com,Singapore
569,Wendy Johns,antonio28@gibson.com,Cuba
570,Valerie Lane,peggy10@rodriguez.com,Suriname
571,Debra Peterson,markvargas@ford.net,Angola
572,Matthew Harris,rebeccabrooks@yahoo.com,Marshall Islands
573,Paul Hancock,ashleybutler@jackson-thomas.net,Kazakhstan
574,Linda Sanchez,katrina29@little.com,Nicaragua
575,Anna Boyd,frazierjonathan@whitaker.org,Timor-Leste
576,Jennifer Dixon,aaronzimmerman@davis.com,Qatar
577,Michael Thomas,davidschultz@gmail.com,Malaysia
578,Jennifer Elliott,christophermatthews@logan.com,Congo
579,William Gamble,omorrison@clark-edwards.com,Montenegro
580,David Gonzales,tgutierrez@gmail.com,Montserrat
581,Andrea Johnson,villanuevakaren@hotmail.com,Italy
582,James Gonzales,amanda64@yahoo.com,Suriname
583,Rachel Mcbride,kendrasmith@kelly.info,Romania
584,Carol Horn,djones@thompson.com,Nicaragua
585,Vincent Higgins,dwayne34@ferguson-smith.com,Israel
586,Janet Hooper,connie06@hotmail.com,Japan
587,Benjamin Anderson,william99@steele.com,Japan
588,William Lee,murphybrian@holt-perez.biz,Western Sahara
589,Sarah Craig,richardreilly@hotmail.com,Cote d'Ivoire
590,Kayla Hunt,gregory15@watson-reed.com,Mexico
591,Jennifer Vazquez,fibarra@wilson.biz,Comoros
592,Marie Hill,charper@hotmail.com,United Kingdom
593,Jared Glover,shannon89@jenkins-kaiser.com,Luxembourg
594,Scott Stewart,kathleencamacho@yahoo.com,Bosnia and Herzegovina
595,Charles Bradley,josephgardner@smith.com,India
596,Kristin Green,jbrown@hotmail.com,Algeria
597,Ricardo Bridges,schneidertravis@chavez.info,Mauritius
598,John Brown,kempjason@yahoo.com,United Kingdom
599,Paul Harmon,ramirezbarry@hotmail.com,Ethiopia
600,Alexandra Anderson,raymond16@swanson.biz,Ireland
601,Marcus Baldwin,robertwebb@foster.com,Chile
602,Daniel Martin,reynoldsnicholas@brown.info,Grenada
603,Victor Flynn,amoody@yahoo.com,Svalbard & Jan Mayen Islands
604,Jennifer Frost,henrytorres@yahoo.com,Central African Republic
605,Maxwell Ponce,dbrown@gmail.com,Northern Mariana Islands
606,Christopher Garcia,davidross@yahoo.com,Cayman Islands
607,Dana Russell MD,brandonburton@conway.net,Mayotte
608,Brandon Ortiz,cholden@ray.com,Qatar
609,Carolyn Cochran,santosralph@hotmail.com,Western Sahara
610,Amanda Hess,connorrussell@gmail.com,Hong Kong
611,Ronald Williams,johnsontimothy@cooper-holmes.net,British Indian Ocean Territory (Chagos Archipelago)
612,Matthew Baker,wrightstephen@gmail.com,India
613,Nicolas Montes,zrusso@alvarado.com,Bosnia and Herzegovina
614,Jason Eaton,timothy59@yahoo.com,Reunion
615,Lawrence Hill,twalker@yahoo.com,Canada
616,Lisa Wolf,jesse87@torres.com,Bangladesh
617,Julie Smith,cnguyen@yahoo.com,Tonga
618,Michael Nguyen,garybrown@jackson.com,Ukraine
619,Holly Snyder,christinastanley@byrd.com,Christmas Island
620,Michelle Wilkins,awade@olson.com,Papua New Guinea
621,Jeffrey Bauer,browndarryl@campbell.com,Guyana
622,Natalie Kim,tracey53@gmail.com,Portugal
623,Katie Robinson,xmcclure@tucker.com,Faroe Islands
624,Jason Smith,idawson@yahoo.com,Tuvalu
625,Cameron Vargas,daniel78@kirby.biz,Pakistan
626,Karen Howell,jason17@hardy.com,Cameroon
627,Elizabeth Flores,smithcurtis@robinson-richardson.com,Denmark
628,Wayne Cantrell,akennedy@gmail.com,Jordan
629,William Beltran,waltersmaria@gmail.com,Dominica
630,Dr. Kevin Larson DVM,matthew23@peters-castro.info,Turks and Caicos Islands
631,Joshua Owens,adam14@hernandez-kelly.com,Marshall Islands
632,Jodi Santiago,richard01@hotmail.com,Slovakia (Slovak Republic)
633,Noah Aguilar,awatkins@gmail.com,Djibouti
634,Sarah Moore,jtaylor@hotmail.com,Argentina
635,Ryan Nguyen,josephgamble@yahoo.com,Finland
636,Timothy Wiley,michael42@yahoo.com,Gabon
637,Mr. Mark Oliver,antonio60@hotmail.com,Finland
638,Amy Edwards,sheppardangela@jarvis.info,Aruba
639,Amanda Santana,jacquelinewalsh@yahoo.com,Kuwait
640,Michael Chandler,dawsonkristin@gmail.com,Gambia
641,Roy Wright,emily73@yahoo.com,Faroe Islands
642,Sarah Rocha,mcknightbrenda@yahoo.com,Spain
643,Tony Tapia,xgonzalez@rodgers.com,Gabon
644,Lauren Brown,russokimberly@miller-perez.info,Chile
645,Linda Williams,peter89@davis.info,Luxembourg
646,Robin Freeman,charleslee@hotmail.com,South Africa
647,Jamie Conley,davidrogers@chavez-torres.com,Tajikistan
648,Patricia Hopkins,richchristian@hotmail.com,Niger
649,Gabriel Morton,jessica68@hotmail.com,Japan
650,Kimberly Smith,brendarogers@gmail.com,Chad
651,Brendan Hall,scottjack@yahoo.com,Senegal
652,Janet Moore,ronnienichols@jones.com,Guernsey
653,Joe Johnson,cynthiamontgomery@hicks-king.com,Mexico
654,Emily Smith,troyroberts@valencia-williams.biz,Greenland
655,Derek Vega,howardpaula@lee-boyer.net,Myanmar
656,Gregory Torres,kthompson@jones.com,Slovakia (Slovak Republic)
657,Heather Macias,reillykaren@yahoo.com,Belize
658,Kayla Phillips,landryjason@gmail.com,Swaziland
659,Joyce Wyatt,kpace@gmail.com,Isle of Man
660,Pamela Williamson,bryan11@hotmail.com,Trinidad and Tobago
661,Christy Neal,dixonsusan@yahoo.com,British Virgin Islands
662,Evelyn Branch,sara04@miller.info,New Zealand
663,Thomas Perez,robinsondavid@lewis-hunter.com,New Caledonia
664,Briana Lee,hickschristopher@lewis.com,Finland
665,Robert Hernandez,samanthasmith@yahoo.com,American Samoa
666,Rachel Walls,williamsoncorey@jones.com,Afghanistan
667,Jodi Pitts,amy52@martin.info,Saint Pierre and Miquelon
668,Amy Hodges,guerraadam@yahoo.com,Nicaragua
669,Judith Kemp,roselisa@mason-cole.com,Kazakhstan
670,James Cummings,john73@byrd.com,Western Sahara
671,Dawn Burton,sanchezemily@gmail.com,Equatorial Guinea
672,John Ayers,davidstephens@yahoo.com,United States Virgin Islands
673,Ian Perez,jasoncarter@hotmail.com,Serbia
674,Carol Duffy,idavidson@gmail.com,Dominica
675,Douglas Beard,anthony71@watts-rodgers.com,Isle of Man
676,Tracy Valencia,paulford@madden-carroll.com,France
677,April Williams,gordonross@gmail.com,Saint Helena
678,Karla Gonzalez,glennbradshaw@hotmail.com,Seychelles
679,Candice Garcia,jonathanpierce@gmail.com,Cook Islands
680,Connie Peterson,lauren10@yahoo.com,Lao People's Democratic Republic
681,Jamie Mcgee,rebeccamoore@yahoo.com,Portugal
682,Wesley Jensen,nguyenjacob@morris.net,Latvia
683,Kirsten King,petersontanya@vang.net,Qatar
684,Heidi Campbell,rthompson@hotmail.com,Dominica
685,Mark Hamilton,jameswilliams@hotmail.com,Mauritania
686,Kristina Hancock,saragardner@thomas-palmer.com,Norfolk Island
687,Shelby Browning,cvalenzuela@fleming-stevens.org,Brazil
688,Elizabeth Evans,stevenmiller@nichols-perez.com,Afghanistan
689,Tina Wright,barnettmichelle@morton.info,Micronesia
690,Jenna Reynolds,jessica72@hotmail.com,Iraq
691,Daniel Guzman,sortiz@murray.com,Jamaica
692,David Lambert,kristen78@collins.com,Turkmenistan
693,Steven Stokes,douglas03@hotmail.com,Reunion
694,Miss Katherine Hill DDS,elizabethlewis@moore.biz,Heard Island and McDonald Islands
695,Kimberly Hughes,amanda51@osborne.org,Finland
696,Jonathan Collins,aprilward@hotmail.com,Cote d'Ivoire
697,Paul Key,melaniemiddleton@alvarez.com,United States Virgin Islands
698,Gregory Frost MD,devin40@mercado.com,Namibia
699,Kelsey Medina,mossjulie@hotmail.com,Dominica
700,Collin Hanson,hansonjonathan@hotmail.com,Heard Island and McDonald Islands
701,Jamie Evans,alyssasimpson@reyes.com,Chad
702,Catherine Marshall,uharvey@yahoo.com,Lebanon
703,Alicia Lucas,swansonjonathan@cohen.info,Nigeria
704,Katelyn Perez,shannonwilliams@miller.biz,Equatorial Guinea
705,Courtney Marsh,kathleen03@taylor.com,Burkina Faso
706,Anthony Rios,nbrown@yahoo.com,Dominica
707,Brenda Kent,jordan19@hotmail.com,Brunei Darussalam
708,Jocelyn Serrano,aaronpratt@diaz.net,Guyana
709,William Mcdaniel,james15@barber.com,Canada
710,Elizabeth Brooks,heatherhernandez@hawkins.com,Mayotte
711,Allison Foster,phaynes@stewart.net,Hungary
712,Lindsay Johnson,ktorres@mcdonald-brown.biz,Belize
713,Mark Bailey,teresa99@brown.biz,Turkmenistan
714,Andrew Young,zamoraandrea@yahoo.com,Cuba
715,Cheryl Wright,christopherrodriguez@hill.biz,Comoros
716,Antonio Hartman,wilsonthomas@ford.com,Switzerland
717,Stephanie Thornton,kristin52@hotmail.com,Turkmenistan
718,Trevor Webb,mark44@hotmail.com,Chad
719,Bryan Reed,qmartin@porter.com,Kyrgyz Republic
720,Jordan Smith,cynthia21@yahoo.com,Cyprus
721,Michael Blackwell,gonzalescody@hotmail.com,Netherlands Antilles
722,Julie Turner,mpage@hotmail.com,Micronesia
723,Jerry Martinez,brianholmes@mcgee-wilson.com,Mozambique
724,Dave Cruz,jponce@davis.biz,Dominica
725,Wendy Rogers,alexandragriffith@petty-acosta.org,Mauritania
726,Denise Mcdonald,steven26@maldonado-griffin.net,Austria
727,Tonya Barajas,cbutler@horn-henry.net,Mayotte
728,Connie Smith,austincampbell@gmail.com,Latvia
729,Thomas Hall,angeladavis@floyd.info,Aruba
730,Tina Munoz,samuel84@gmail.com,Timor-Leste
731,Roger Walter,rrice@roberts.com,France
732,Matthew Simpson,alvarezkrista@james.com,Hong Kong
733,Scott Mendoza,brandon11@gmail.com,Tunisia
734,Ronald Davis,ashleycook@le.info,Somalia
735,Jenny Wright,timothyyoung@gmail.com,Solomon Islands
736,Robert Raymond,williamscarly@west.com,Myanmar
737,Julie Flores,xmunoz@wilson.com,Comoros
738,Tony Cruz,kayala@delgado-west.net,Guadeloupe
739,Isaac Chapman,fjones@baker.com,Macedonia
740,Mr. Steven Park,jwhite@hudson.com,Canada
741,Nicholas Martinez,omorales@yahoo.com,Lithuania
742,Joyce Bailey,rachelknight@smith-gibson.info,Netherlands
743,Kenneth Shaw,jameswalker@gmail.com,Solomon Islands
744,James Melton,rduncan@hotmail.com,United Kingdom
745,Tanya House,dcampbell@hotmail.com,Aruba
746,Laura Cohen,williamskaitlyn@yahoo.com,Costa Rica
747,David Davis,michaelfuller@mendoza.info,Netherlands Antilles
748,Tina Steele,gcook@hotmail.com,Ukraine
749,Scott Saunders,christopher80@hotmail.com,Tuvalu
750,Deborah Reyes,sarahmiller@gmail.com,Kuwait
751,Jason Reyes,millerkimberly@chambers.com,Azerbaijan
752,Christopher Ruiz,curtis07@hotmail.com,New Caledonia
753,Larry Rasmussen,mrodriguez@mcneil.com,Timor-Leste
754,Jesus Brown,tristanlee@gmail.com,Brazil
755,Gregory Garcia,john89@moore.org,Seychelles
756,Cheryl Keller,twright@hale-mcneil.org,Guam
757,Christine Bridges,karl74@hotmail.com,Iran
758,Cory Monroe,kfowler@gmail.com,France
759,Emily Rodriguez,sierramills@white.com,Colombia
760,Kimberly Williams,calvin92@yahoo.com,Trinidad and Tobago
761,Jason Hernandez,jessica16@yahoo.com,Serbia
762,Christian Morris,cunninghamgregory@hotmail.com,China
763,Tony Wright,barnettjohn@hotmail.com,Czech Republic
764,Tamara Thomas,bakermatthew@alexander-cook.biz,Nigeria
765,Christine Soto,isanders@jenkins-george.com,Croatia
766,Mary Wall,bpollard@rodriguez-cruz.net,Anguilla
767,Thomas Parks,jessica31@gaines.org,Saint Barthelemy
768,David Cooper,johnlynch@gmail.com,Afghanistan
769,Albert Wright,cruzwilliam@yahoo.com,Hungary
770,Tiffany James,shannon43@hotmail.com,Norfolk Island
771,Timothy Brown,tonya15@johnson.com,Tokelau
772,Jennifer Rojas,ddixon@gmail.com,Bosnia and Herzegovina
773,Javier Reed,garrettcarr@yahoo.com,Ireland
774,Ryan Hill,sharonjohnson@gmail.com,Malaysia
775,Tonya Young,mcphersonjason@phillips.biz,Sri Lanka
776,Nathaniel Lopez,sabrinadelacruz@yahoo.com,Niger
777,Tricia Robinson,barneskatherine@yahoo.com,China
778,Michelle Martinez,elizabeth63@gmail.com,Tanzania
779,Stephen Allen,martinryan@hotmail.com,Sweden
780,William Bryant,leecarter@yahoo.com,Korea
781,Taylor Singh,weissjoshua@gmail.com,Sierra Leone
782,Barbara Smith,diana83@gmail.com,Cape Verde
783,William Black,rothscott@ward-blake.com,French Guiana
784,Nicole Foster,juancollier@hotmail.com,Denmark
785,Mrs. Erica Stevens,xrhodes@miller.com,Lebanon
786,Natalie Adams,wheelerperry@hotmail.com,Malawi
787,Paul Hayes,bwarren@torres.com,New Caledonia
788,Mike Fox,bprice@hotmail.com,Vanuatu
789,Christopher Coleman,mikewhite@cardenas-martinez.info,Algeria
790,Michael Maynard,panderson@gmail.com,Trinidad and Tobago
791,Patrick Hernandez,jacoblee@nguyen.com,Saint Lucia
792,Kenneth Harvey PhD,troman@dunn-wiggins.biz,Macao
793,Matthew Martin,xlove@henry.com,Cuba
794,Jermaine Fox,plopez@morris-cummings.info,Cote d'Ivoire
795,Debbie Hall,jaredcox@williams.com,Uganda
796,Pamela Olson,diazbeth@hotmail.com,Tajikistan
797,Kara Jordan,claire35@gmail.com,Kenya
798,Connie Diaz,grimesjohn@bailey.net,Cape Verde
799,Adam Bell,candicelong@gmail.com,Central African Republic
800,Karen Barnes,vgraham@yahoo.com,Bulgaria
801,Todd Brown,bakeramanda@gmail.com,Aruba
802,Eric Johnston,sandra20@gmail.com,Colombia
803,Heather Martinez,bjuarez@hotmail.com,India
804,Christine Dickson,ybarry@gmail.com,Nicaragua
805,Laura Reed,annetterobinson@hotmail.com,Finland
806,Daniel Pearson,michelle09@yahoo.com,Kyrgyz Republic
807,Steven Hernandez,graypaul@yahoo.com,Bhutan
808,David Sharp Jr.,deanna95@yahoo.com,Saudi Arabia
809,Melinda Rice,imckenzie@gmail.com,South Africa
810,Dustin Wallace,charlesgilbert@moore.com,Qatar
811,Elizabeth Munoz,sarahayes@yahoo.com,Micronesia
812,Crystal Holmes,cjoseph@smith.com,Austria
813,Luis Norman,grossdenise@gmail.com,Cambodia
814,Michele Crawford,qlee@salinas.com,Pakistan
815,Michael Dixon,sarah71@yahoo.com,Guinea
816,Linda Peck,jessicadiaz@gmail.com,Egypt
817,Kevin Stephens,cpratt@church.biz,Denmark
818,Andrew Robinson,robert43@nolan-anderson.org,Grenada
819,Mr. Phillip Murphy,upatterson@villanueva-watts.com,Morocco
820,Bruce Lawson,cchan@cunningham-barber.info,Faroe Islands
821,Gary Fields,tina16@grant-guzman.com,Myanmar
822,Mindy Palmer,boyleangela@yahoo.com,Northern Mariana Islands
823,Mr. Joseph Arias,guerramichelle@blackwell.com,Singapore
824,Jessica Nguyen,renee69@gmail.com,American Samoa
825,Anita Baker,andrewjackson@yahoo.com,United States Minor Outlying Islands
826,Mrs. Sheila Elliott,beltranmichael@yahoo.com,France
827,Joshua Allen,john36@gmail.com,Equatorial Guinea
828,Taylor Doyle,raymond78@gmail.com,Cuba
829,Cody Tucker,wanda40@parker-lee.com,United States Virgin Islands
830,Brendan Smith,jcopeland@klein.org,Somalia
831,Stacy Acosta,austin90@jackson.com,Morocco
832,Paula Humphrey,walkertoni@yahoo.com,Bahrain
833,Joseph Andrade,iward@barry.com,Namibia
834,Denise Howe,angelawilson@ball.com,Marshall Islands
835,Nancy Harris,jacquelinerobertson@hotmail.com,Gambia
836,Maria Moore,bjohnson@salazar-hernandez.com,China
837,Kevin Wilson,elijah84@yahoo.com,Pitcairn Islands
838,Nathan Washington,joannabrady@gmail.com,Poland
839,Scott Graham,browncarla@hotmail.com,Bouvet Island (Bouvetoya)
840,Christian Price,ramseylaura@potter-pruitt.biz,Eritrea
841,Chad Trevino,emilybrewer@hotmail.com,Kazakhstan
842,Patricia Fisher,aowens@olson.com,Grenada
843,Dakota Hall,harrisjennifer@cross.info,Nauru
844,Daniel English,garzajessica@yahoo.com,Nauru
845,Marie Jacobs,matthew06@estrada.com,Burkina Faso
846,Jacqueline Newman,catherine99@allen.biz,Tonga
847,Jeffrey Wilkins,laceyruiz@fletcher.com,American Samoa
848,Ricardo Williams,corey91@webb-johnson.biz,French Guiana
849,Sara Burton,john40@hotmail.com,Solomon Islands
850,Alicia White,edwardssusan@carpenter.net,Botswana
851,Dana Velazquez,smithbryan@hotmail.com,Saint Kitts and Nevis
852,Mr. John Anderson,davidfowler@gonzalez-holloway.org,Cameroon
853,Robert Garcia,aguilarjodi@gmail.com,Portugal
854,Mikayla Tucker,lwright@hotmail.com,Saudi Arabia
855,Christopher Howe,shannon65@hotmail.com,Guyana
856,Jennifer Johnson,adrian39@manning.info,Albania
857,Nicole Byrd,brooksnicole@yahoo.com,Oman
858,Blake Lyons,juliekrueger@gmail.com,Philippines
859,Alvin Jackson,richardkim@terrell-reese.com,Maldives
860,Christy Vargas,ogross@gmail.com,New Zealand
861,Jennifer Hamilton,reedpamela@yahoo.com,Barbados
862,Joann Ruiz,chadgrant@kelly-baird.com,Central African Republic
863,Omar Hill,bmclaughlin@yahoo.com,Guatemala
864,Hailey Browning,qgonzalez@gmail.com,Saint Pierre and Miquelon
865,Marie Parrish,christopherwalker@riley.com,Monaco
866,Benjamin Bennett,tuckercarrie@hotmail.com,Kuwait
867,Keith Thomas,dillonlaurie@mason-le.com,El Salvador
868,Tanya Brown,wspencer@yahoo.com,Saint Pierre and Miquelon
869,Keith Grant,lauraarellano@colon-jimenez.info,Turkey
870,Richard Porter,vicki59@hotmail.com,Bulgaria
871,Sheila Mendoza,mhatfield@kim-cameron.com,Oman
872,Deborah Lin,richard36@yahoo.com,Svalbard & Jan Mayen Islands
873,Janice Gomez,chaveztyler@hotmail.com,Jordan
874,Wanda Spencer,evelynwilson@gmail.com,Poland
875,Cynthia Montoya,pmiller@hotmail.com,Lithuania
876,Patricia Lopez,gallowaymichelle@gmail.com,Liechtenstein
877,James Ortega,james41@ward-george.info,Saint Kitts and Nevis
878,Zachary Douglas,daniel87@hotmail.com,Bulgaria
879,Ryan Mcintosh,fhuerta@black-brown.com,Thailand
880,Kaylee Williams,apace@montgomery.com,Pakistan
881,Debra Cohen,marcuscurry@dunn-braun.com,Taiwan
882,Donald David,christy27@yahoo.com,Chad
883,Felicia Bauer,jeremy99@waters-melton.com,Micronesia
884,Michael Ward,williamsbobby@allen-rios.com,Nepal
885,Mary Long,fosterashley@gmail.com,Uruguay
886,Christopher Rodriguez,bassnathan@gmail.com,Turkmenistan
887,Brittany Miller,nmartin@haas-perry.com,Suriname
888,Rebecca Johnson,saundersnicole@hotmail.com,Northern Mariana Islands
889,Patrick Garrett,shelia35@yahoo.com,Marshall Islands
890,Stephen Stewart,teresapierce@gmail.com,Austria
891,Eric Nguyen,austinjohnson@yahoo.com,Guinea
892,John Gonzalez,urobinson@wise.net,Luxembourg
893,Robert Riley,smithrobert@delgado.info,Vanuatu
894,April Anderson,nathanhoward@yahoo.com,Kiribati
895,Michael Harrison,nicholas56@yahoo.com,Brunei Darussalam
896,Timothy Martin,xfisher@gmail.com,Poland
897,William Griffin,kaitlynsmith@jackson.com,Liberia
898,Ryan Riley,qshah@walker.com,Andorra
899,Vanessa Rivera,barbara18@rodriguez.com,Benin
900,Amber Duke,valdezmarcus@hernandez.org,Somalia
901,Michael Gutierrez,suttontimothy@caldwell.com,Liechtenstein
902,Margaret Jordan,smithsabrina@yahoo.com,Antarctica (the territory South of 60 deg S)
903,David Kane,christinaramos@lawson.com,Haiti
904,Mr. Andrew Peterson,ytran@wiley.org,Ireland
905,Veronica Decker,johnhardy@gmail.com,United States Minor Outlying Islands
906,Victoria Hawkins,harry84@mayer.com,Brazil
907,Faith Smith,robert22@rivera.net,Guatemala
908,Jeffrey Estrada,patrick81@yahoo.com,Reunion
909,David Smith,mtownsend@smith.com,Mauritius
910,Zachary Simmons,parkbryan@lane.net,Gibraltar
911,Jonathan Carlson,merrittwilliam@jackson.net,Micronesia
912,Andrea Smith,jconley@yahoo.com,United States Virgin Islands
913,Terri Lam,pharris@yahoo.com,French Polynesia
914,Mary Wall,bushrachel@gmail.com,Belarus
915,Hannah Hood,christinasantos@sloan.com,Australia
916,Elizabeth Burnett,kristin96@wright.com,Israel
917,Matthew Yoder,michael34@padilla.com,Kuwait
918,Keith Hall,josephtownsend@daniel.com,Zambia
919,Jennifer Floyd,janet18@hotmail.com,United Arab Emirates
920,Stephen Thompson,atkinsonedward@graham.com,Saint Kitts and Nevis
921,John Taylor,brian73@webster-clark.com,Papua New Guinea
922,Andrew Sandoval,nfletcher@lewis.com,Christmas Island
923,Michael Schwartz,scottperez@smith.net,Equatorial Guinea
924,James Bridges,davidcook@sparks.com,Australia
925,David Johnson,williamvillegas@gmail.com,Samoa
926,Brandon Turner,hdavis@thompson.com,Israel
927,Melissa Mcconnell,davisandrea@stewart.com,France
928,Billy Brown,lewisjonathan@jackson-ellison.com,Norfolk Island
929,Jodi Clark,mitchellkristen@russo.com,Tuvalu
930,Jorge Martin,cassandra52@tapia.org,Spain
931,Robert Schmidt,cathynelson@hansen.com,Italy
932,Kevin Nguyen,candacedickson@andersen-gonzalez.net,New Caledonia
933,Jonathan Wilkinson,brandonhall@lopez.net,Western Sahara
934,Steven Wilson,oglass@gmail.com,Morocco
935,Tommy Mccormick,mjones@yahoo.com,Dominica
936,Mark Williams,aray@hotmail.com,Romania
937,Dr. Roger Navarro,anthony37@smith.com,Maldives
938,Charles Cox,ustewart@gregory.com,Vanuatu
939,Elizabeth Bryant,todd18@gmail.com,Iceland
940,Devin Hansen,hwatson@taylor.info,Myanmar
941,Natalie Forbes,christopherschmidt@gmail.com,Guernsey
942,Heather Miller,yesenia17@hotmail.com,Seychelles
943,Lindsay Wright,kevin73@yahoo.com,Armenia
944,Jonathon Anthony,mark94@yahoo.com,Lao People's Democratic Republic
945,Jill Elliott,tuckerdean@hill.com,Venezuela
946,Lindsey Rodriguez,heatherwilliams@yahoo.com,Holy See (Vatican City State)
947,Denise Thornton,april53@yahoo.com,Aruba
948,David Gomez,ronald40@gmail.com,Holy See (Vatican City State)
949,Scott Wilson,ereynolds@warren-green.biz,Poland
950,Melinda Johnson,jay87@york.com,Fiji
951,Rodney Jones,christopher90@lam-brown.biz,Israel
952,Bobby Gill,stephaniethompson@harris.com,United Kingdom
953,Monica Lee,urivera@garcia.com,Lesotho
954,Daniel Watson,martinchristopher@mendoza.com,Jordan
955,Sharon Ortiz,kaylaturner@hunter.com,Honduras
956,Karen Gomez,johnwyatt@gmail.com,Northern Mariana Islands
957,Jackson Mueller,andreaclark@yahoo.com,Kazakhstan
958,Ann Nixon,lindsayparks@beck.com,Yemen
959,Nathan Leonard,nhunt@waters.com,Mongolia
960,Steven Phillips,janetkhan@pearson-callahan.com,British Virgin Islands
961,Lori Pitts,mary34@moss.com,Bosnia and Herzegovina
962,Nancy Gonzalez,kyleprice@wilson.com,Maldives
963,James Burns,jacquelinetaylor@hotmail.com,Kuwait
964,Nicholas George,cwilliams@gmail.com,New Caledonia
965,Oscar Smith,dianajackson@brown.com,Ethiopia
966,Christopher Peterson,holmesjoseph@gmail.com,Liechtenstein
967,Aaron Gonzalez,christopher79@gmail.com,Eritrea
968,Laura Nelson,orussell@hughes.com,Costa Rica
969,Samuel Alvarado,kenneth27@yahoo.com,New Zealand
970,Laura Black,harrisoncarl@yahoo.com,Lao People's Democratic Republic
971,Tara Brown,cassandra61@maynard.net,Bangladesh
972,Karen Smith,cartertodd@huynh.org,Papua New Guinea
973,Caroline Wells,colearthur@blake.com,Sri Lanka
974,Mary Middleton,lesliereyes@rogers-clark.biz,Brazil
975,Michelle Murray,averysusan@yahoo.com,Timor-Leste
976,Heidi Nicholson MD,oconnorsandra@mendoza.com,Norfolk Island
977,Andrew Flores,smorgan@hotmail.com,Cuba
978,Sarah Peters,nicholas44@ponce.biz,Paraguay
979,Courtney Shaw,john35@yahoo.com,Maldives
980,Anna Dyer,campbellaaron@yahoo.com,Maldives
981,Anthony Snyder,alicianewman@yahoo.com,Japan
982,Bethany Rogers,wguzman@webb.org,Lithuania
983,Pamela Bowen,vincent75@gmail.com,Saint Helena
984,Jody Erickson,ydavis@jackson.com,Jordan
985,Ryan Brady,pwells@gmail.com,Bulgaria
986,Rodney Burch,alexanderhernandez@jones.info,Niue
987,Nicholas Gaines,sara83@hotmail.com,Hong Kong
988,Whitney Galloway,carly68@gmail.com,Benin
989,Nicole Harrington,ayalaronald@kent-lindsey.biz,Montserrat
990,Tom Paul,michael32@gmail.com,Northern Mariana Islands
991,Matthew Good,robert02@white.com,Croatia
992,Kenneth Martinez,millerheather@hotmail.com,Monaco
993,Connie Beasley,aguirremelissa@gmail.com,New Zealand
994,Tom Leon,tbell@gmail.com,Iraq
995,Isaiah Clark,christopherstephens@wilson.com,Northern Mariana Islands
996,Jennifer Reynolds,cabrerastephen@yahoo.com,Czech Republic
997,Melanie Martin,brentromero@snyder.com,India
998,Cathy James,derricktaylor@gmail.com,Lao People's Democratic Republic
999,Dylan Hall,guzmanrebecca@rodriguez.net,Rwanda
1000,Daniel Morrison,cliffordcarroll@hotmail.com,Saint Martin
